P1,P2
Argentina,Brasil
Argentina,Canada
Argentina,EUA
Argentina,China
Argentina,Australia
Brasil,Canada
Brasil,EUA
Brasil,China
Brasil,Australia
Canada,EUA
Canada,China
Canada,Australia
EUA,China
EUA,Australia
China,Australia
Argentina,Australia
Argentina,Canada
Argentina,China
Australia,Canada
Australia,China
Canada,China
EUA,EUA
EUA,Franca
EUA,Russia
EUA,Reino_Unido
EUA,Franca
EUA,Russia
EUA,Reino_Unido
Franca,Russia
Franca,Reino_Unido
Russia,Reino_Unido
Argentina,EUA
Argentina,China
Argentina,Franca
Argentina,Russia
EUA,China
EUA,Franca
EUA,Russia
China,Franca
China,Russia
Franca,Russia
Argentina,China
Argentina,Russia
China,Russia
EUA,China
Arabia_Saudita,Uniao_Europeia
EUA,Russia
EUA,Inglaterra
Russia,Inglaterra
EUA,Reino_Unido
EUA,Japao
EUA,EUA
EUA,EUA
Brasil,EUA
Brasil,EUA
EUA,EUA
Brasil,EUA
EUA,China
EUA,Italia
EUA,Reino_Unido
China,Italia
China,Reino_Unido
Italia,Reino_Unido
Argentina,Brasil
Argentina,China
Brasil,China
Argentina,China
EUA,EUA
Brasil,EUA
Argentina,Brasil
Argentina,Brasil
Argentina,EUA
Argentina,EUA
Brasil,EUA
Brasil,EUA
EUA,EUA
Africa_do_Sul,Reino_Unido
Brasil,EUA
Brasil,EUA
Brasil,China
EUA,China
Brasil,EUA
Brasil,Japao
Brasil,Coreia_do_Sul
Brasil,Australia
EUA,Japao
EUA,Coreia_do_Sul
EUA,Australia
Japao,Coreia_do_Sul
Japao,Australia
Coreia_do_Sul,Australia
Brasil,EUA
Brasil,EUA
EUA,EUA
Brasil,EUA
Brasil,EUA
EUA,EUA
Argentina,Brasil
Argentina,Mexico
Brasil,Mexico
Argentina,Mexico
Brasil,EUA
Argentina,Brasil
Argentina,EUA
Argentina,EUA
Argentina,China
Argentina,Japao
Brasil,EUA
Brasil,EUA
Brasil,China
Brasil,Japao
EUA,EUA
EUA,China
EUA,Japao
EUA,China
EUA,Japao
China,Japao
Argentina,China
Brasil,EUA
Brasil,EUA
EUA,EUA
Brasil,EUA
Brasil,China
Brasil,Japao
Brasil,Reino_Unido
EUA,China
EUA,Japao
EUA,Reino_Unido
China,Japao
China,Reino_Unido
Japao,Reino_Unido
Brasil,EUA
Brasil,Japao
Brasil,Franca
EUA,Japao
EUA,Franca
Japao,Franca
Brasil,EUA
Brasil,China
EUA,China
Brasil,China
Brasil,EUA
Brasil,China
Brasil,Japao
Brasil,Italia
EUA,China
EUA,Japao
EUA,Italia
China,Japao
China,Italia
Japao,Italia
Brasil,China
Brasil,China
Brasil,China
Brasil,EUA
Brasil,China
EUA,China
Brasil,China
Argentina,Brasil
Argentina,Canada
Argentina,Japao
Brasil,Canada
Brasil,Japao
Canada,Japao
Argentina,Canada
Brasil,EUA
Brasil,EUA
Brasil,Alemanha
Brasil,Italia
EUA,EUA
EUA,Alemanha
EUA,Italia
EUA,Alemanha
EUA,Italia
Alemanha,Italia
Brasil,EUA
Brasil,EUA
Brasil,China
EUA,EUA
EUA,China
EUA,China
Brasil,EUA
Brasil,EUA
Brasil,EUA
Brasil,China
Brasil,Italia
EUA,EUA
EUA,China
EUA,Italia
EUA,China
EUA,Italia
China,Italia
Brasil,EUA
Brasil,EUA
Brasil,Alemanha
EUA,EUA
EUA,Alemanha
EUA,Alemanha
Brasil,China
Brasil,EUA
Brasil,China
Brasil,Japao
Brasil,Alemanha
EUA,China
EUA,Japao
EUA,Alemanha
China,Japao
China,Alemanha
Japao,Alemanha
Brasil,EUA
Brasil,EUA
Brasil,EUA
Brasil,China
Brasil,Alemanha
EUA,China
EUA,Alemanha
China,Alemanha
Brasil,EUA
Brasil,China
EUA,China
Argentina,Brasil
Argentina,Mexico
Argentina,EUA
Argentina,China
Brasil,Mexico
Brasil,EUA
Brasil,China
Mexico,EUA
Mexico,China
EUA,China
Argentina,China
Argentina,Mexico
China,Mexico
Brasil,EUA
Brasil,EUA
Brasil,Japao
Brasil,Alemanha
Brasil,Reino_Unido
EUA,EUA
EUA,Japao
EUA,Alemanha
EUA,Reino_Unido
EUA,Japao
EUA,Alemanha
EUA,Reino_Unido
Japao,Alemanha
Japao,Reino_Unido
Alemanha,Reino_Unido
Brasil,EUA
Brasil,EUA
Brasil,EUA
Brasil,China
Brasil,Alemanha
Brasil,Franca
EUA,China
EUA,Alemanha
EUA,Franca
China,Alemanha
China,Franca
Alemanha,Franca
Brasil,EUA
Brasil,EUA
Brasil,China
Brasil,Alemanha
EUA,China
EUA,Alemanha
China,Alemanha
Brasil,China
Brasil,EUA
Brasil,Japao
Brasil,Alemanha
EUA,Japao
EUA,Alemanha
Japao,Alemanha
Brasil,EUA
Brasil,EUA
Brasil,EUA
Brasil,EUA
EUA,EUA
Brasil,EUA
Brasil,China
EUA,China
Brasil,EUA
Brasil,Indonesia
EUA,Indonesia
Brasil,China
Brasil,EUA
Brasil,EUA
Brasil,Alemanha
Brasil,Australia
EUA,EUA
EUA,Alemanha
EUA,Australia
EUA,Alemanha
EUA,Australia
Alemanha,Australia
Brasil,EUA
Brasil,EUA
Brasil,China
Brasil,Franca
EUA,China
EUA,Franca
China,Franca
Brasil,EUA
Brasil,Mexico
Brasil,China
Mexico,China
China,Mexico
Brasil,EUA
Brasil,EUA
Brasil,China
Brasil,Franca
EUA,EUA
EUA,China
EUA,Franca
EUA,China
EUA,Franca
China,Franca
Brasil,EUA
Brasil,EUA
Brasil,EUA
Brasil,EUA
Brasil,EUA
Brasil,Uniao_Europeia
EUA,EUA
EUA,Uniao_Europeia
EUA,Uniao_Europeia
Brasil,EUA
Brasil,India
EUA,India
Brasil,EUA
Brasil,EUA
Brasil,EUA
Brasil,Uniao_Europeia
EUA,EUA
EUA,Uniao_Europeia
EUA,Uniao_Europeia
Brasil,EUA
Brasil,EUA
Brasil,EUA
Brasil,Uniao_Europeia
EUA,EUA
EUA,Uniao_Europeia
EUA,Uniao_Europeia
Brasil,EUA
Brasil,EUA
Brasil,EUA
Brasil,EUA
Brasil,Japao
Brasil,India
EUA,Japao
EUA,India
Japao,India
Brasil,China
Brasil,Japao
Brasil,Indonesia
Brasil,Australia
China,Japao
China,Indonesia
China,Australia
Japao,Indonesia
Japao,Australia
Indonesia,Australia
Australia,China
Australia,Indonesia
China,Indonesia
Brasil,EUA
Brasil,China
EUA,China
Brasil,Canada
Brasil,China
Brasil,Japao
Brasil,India
Brasil,Turquia
Brasil,Alemanha
China,Japao
China,India
China,Turquia
China,Alemanha
Japao,India
Japao,Turquia
Japao,Alemanha
India,Turquia
India,Alemanha
Turquia,Alemanha
China,India
Brasil,China
Brasil,India
Brasil,Turquia
Brasil,Alemanha
China,India
China,Turquia
China,Alemanha
India,Turquia
India,Alemanha
Turquia,Alemanha
China,India
Brasil,EUA
Brasil,Mexico
Brasil,EUA
Brasil,EUA
Brasil,India
Brasil,Indonesia
Brasil,Turquia
EUA,EUA
EUA,India
EUA,Indonesia
EUA,Turquia
EUA,India
EUA,Indonesia
EUA,Turquia
India,Indonesia
India,Turquia
Indonesia,Turquia
India,Indonesia
Brasil,Canada
Brasil,Australia
Canada,Australia
Australia,Canada
Brasil,China
Brasil,Japao
Brasil,Alemanha
China,Japao
China,Alemanha
Japao,Alemanha
Brasil,EUA
Brasil,China
Brasil,Japao
Brasil,Alemanha
EUA,China
EUA,Japao
EUA,Alemanha
China,Japao
China,Alemanha
Japao,Alemanha
Brasil,EUA
Brasil,Japao
Brasil,India
Brasil,Indonesia
EUA,Japao
EUA,India
EUA,Indonesia
Japao,India
Japao,Indonesia
India,Indonesia
India,Indonesia
Argentina,Brasil
Brasil,EUA
Brasil,China
Brasil,Japao
Brasil,Alemanha
EUA,China
EUA,Japao
EUA,Alemanha
China,Japao
China,Alemanha
Japao,Alemanha
Brasil,Japao
Brasil,Alemanha
Japao,Alemanha
Brasil,EUA
Brasil,China
EUA,China
Brasil,EUA
Brasil,EUA
Brasil,China
EUA,EUA
EUA,China
EUA,China
Brasil,Alemanha
Brasil,Italia
Alemanha,Italia
Brasil,Italia
Brasil,EUA
Brasil,Italia
Brasil,EUA
Brasil,Alemanha
Brasil,Italia
Alemanha,Italia
Brasil,EUA
Brasil,China
EUA,China
Brasil,EUA
Brasil,China
Brasil,Japao
Brasil,Alemanha
Brasil,Italia
EUA,China
EUA,Japao
EUA,Alemanha
EUA,Italia
China,Japao
China,Alemanha
China,Italia
Japao,Alemanha
Japao,Italia
Alemanha,Italia
Brasil,EUA
Brasil,EUA
Brasil,China
EUA,EUA
EUA,China
EUA,China
Brasil,Mexico
Brasil,EUA
Mexico,EUA
Brasil,China
Brasil,Japao
Brasil,Italia
China,Japao
China,Italia
Japao,Italia
Brasil,EUA
Brasil,Japao
Brasil,Indonesia
EUA,Japao
EUA,Indonesia
Japao,Indonesia
Brasil,EUA
Brasil,China
Brasil,Japao
Brasil,Italia
EUA,China
EUA,Japao
EUA,Italia
China,Japao
China,Italia
Japao,Italia
Brasil,EUA
Brasil,EUA
Brasil,China
Brasil,Reino_Unido
EUA,China
EUA,Reino_Unido
China,Reino_Unido
Brasil,EUA
Brasil,EUA
EUA,EUA
Brasil,China
Brasil,EUA
Brasil,China
EUA,China
Brasil,Mexico
Brasil,EUA
Brasil,Alemanha
EUA,Alemanha
Brasil,EUA
Brasil,China
EUA,China
Brasil,EUA
Brasil,EUA
Brasil,EUA
Brasil,China
EUA,China
Brasil,EUA
Brasil,China
EUA,China
Brasil,EUA
Brasil,Japao
EUA,Japao
Brasil,EUA
Brasil,China
Brasil,Alemanha
Brasil,Franca
Brasil,Inglaterra
EUA,China
EUA,Alemanha
EUA,Franca
EUA,Inglaterra
China,Alemanha
China,Franca
China,Inglaterra
Alemanha,Franca
Alemanha,Inglaterra
Franca,Inglaterra
Brasil,EUA
Brasil,Japao
EUA,Japao
Brasil,China
Brasil,EUA
Brasil,EUA
Brasil,EUA
EUA,EUA
Brasil,EUA
Brasil,EUA
Brasil,EUA
Brasil,EUA
Brasil,EUA
Brasil,EUA
EUA,EUA
Brasil,EUA
Brasil,EUA
Brasil,China
Brasil,Japao
Brasil,EUA
Brasil,Japao
Brasil,Alemanha
Brasil,Franca
EUA,Japao
EUA,Alemanha
EUA,Franca
Japao,Alemanha
Japao,Franca
Alemanha,Franca
Brasil,EUA
Brasil,EUA
Brasil,EUA
Brasil,EUA
EUA,EUA
Brasil,EUA
Brasil,EUA
Brasil,EUA
Brasil,EUA
Brasil,EUA
Brasil,EUA
Brasil,EUA
EUA,EUA
Brasil,EUA
Brasil,EUA
Brasil,EUA
EUA,EUA
Brasil,EUA
Brasil,EUA
Brasil,EUA
EUA,EUA
Brasil,EUA
Brasil,EUA
Brasil,China
EUA,EUA
EUA,China
EUA,China
Brasil,EUA
Brasil,EUA
Brasil,China
Brasil,EUA
Brasil,EUA
Brasil,EUA
EUA,EUA
Brasil,EUA
Brasil,EUA
Brasil,EUA
Brasil,EUA
Brasil,EUA
Brasil,EUA
Brasil,EUA
EUA,EUA
Brasil,EUA
Brasil,EUA
EUA,EUA
Brasil,EUA
Brasil,EUA
EUA,EUA
Brasil,EUA
Brasil,EUA
EUA,EUA
Brasil,EUA
Brasil,EUA
Brasil,EUA
Brasil,EUA
Brasil,China
EUA,EUA
EUA,China
EUA,China
Argentina,Brasil
Brasil,EUA
Brasil,EUA
Brasil,EUA
EUA,EUA
Brasil,EUA
Brasil,China
EUA,China
Brasil,EUA
Brasil,China
EUA,China
Brasil,EUA
Brasil,EUA
Brasil,EUA
Brasil,Franca
Brasil,EUA
Brasil,EUA
EUA,EUA
Africa_do_Sul,Brasil
Africa_do_Sul,Mexico
Africa_do_Sul,EUA
Africa_do_Sul,Australia
Brasil,Mexico
Brasil,EUA
Brasil,Australia
Mexico,EUA
Mexico,Australia
EUA,Australia
Australia,Mexico
Brasil,EUA
Brasil,EUA
Brasil,EUA
Brasil,EUA
Brasil,EUA
Brasil,EUA
EUA,EUA
Brasil,EUA
Brasil,EUA
Brasil,EUA
EUA,EUA
Brasil,EUA
Brasil,EUA
EUA,EUA
Brasil,EUA
Brasil,EUA
Brasil,EUA
EUA,EUA
Brasil,EUA
Brasil,EUA
Brasil,EUA
EUA,EUA
Brasil,EUA
Brasil,EUA
Brasil,EUA
Brasil,EUA
Brasil,EUA
EUA,EUA
Brasil,EUA
Brasil,EUA
Brasil,EUA
Brasil,EUA
Brasil,EUA
EUA,EUA
Brasil,EUA
Brasil,EUA
EUA,EUA
Brasil,EUA
Brasil,EUA
Brasil,China
EUA,EUA
EUA,China
EUA,China
Brasil,EUA
Brasil,EUA
EUA,EUA
Brasil,EUA
Brasil,EUA
Brasil,EUA
Brasil,EUA
Brasil,EUA
EUA,EUA
Brasil,EUA
Brasil,EUA
Brasil,EUA
Brasil,EUA
EUA,EUA
Brasil,EUA
Brasil,EUA
Brasil,EUA
Brasil,EUA
Brasil,EUA
Brasil,EUA
Brasil,EUA
Brasil,EUA
Brasil,EUA
Brasil,Alemanha
EUA,Alemanha
Brasil,EUA
Brasil,EUA
EUA,EUA
Africa_do_Sul,Brasil
Africa_do_Sul,Mexico
Africa_do_Sul,Canada
Africa_do_Sul,EUA
Africa_do_Sul,China
Africa_do_Sul,India
Africa_do_Sul,Indonesia
Africa_do_Sul,Alemanha
Africa_do_Sul,Russia
Africa_do_Sul,Reino_Unido
Africa_do_Sul,Australia
Brasil,Mexico
Brasil,Canada
Brasil,EUA
Brasil,China
Brasil,India
Brasil,Indonesia
Brasil,Alemanha
Brasil,Russia
Brasil,Reino_Unido
Brasil,Australia
Mexico,Canada
Mexico,EUA
Mexico,China
Mexico,India
Mexico,Indonesia
Mexico,Alemanha
Mexico,Russia
Mexico,Reino_Unido
Mexico,Australia
Canada,EUA
Canada,China
Canada,India
Canada,Indonesia
Canada,Alemanha
Canada,Russia
Canada,Reino_Unido
Canada,Australia
EUA,China
EUA,India
EUA,Indonesia
EUA,Alemanha
EUA,Russia
EUA,Reino_Unido
EUA,Australia
China,India
China,Indonesia
China,Alemanha
China,Russia
China,Reino_Unido
China,Australia
India,Indonesia
India,Alemanha
India,Russia
India,Reino_Unido
India,Australia
Indonesia,Alemanha
Indonesia,Russia
Indonesia,Reino_Unido
Indonesia,Australia
Alemanha,Russia
Alemanha,Reino_Unido
Alemanha,Australia
Russia,Reino_Unido
Russia,Australia
Reino_Unido,Australia
Australia,Canada
Australia,China
Australia,India
Australia,Indonesia
Australia,Mexico
Australia,Russia
Canada,China
Canada,India
Canada,Indonesia
Canada,Mexico
Canada,Russia
China,India
China,Indonesia
China,Mexico
China,Russia
India,Indonesia
India,Mexico
India,Russia
Indonesia,Mexico
Indonesia,Russia
Mexico,Russia
Brasil,EUA
Brasil,EUA
Brasil,Japao
EUA,EUA
EUA,Japao
EUA,Japao
Brasil,EUA
Brasil,China
EUA,China
Brasil,China
Brasil,Alemanha
China,Alemanha
Brasil,EUA
Brasil,EUA
Brasil,China
EUA,China
Brasil,EUA
Brasil,EUA
Brasil,EUA
EUA,EUA
Brasil,EUA
Brasil,EUA
EUA,EUA
Brasil,China
Brasil,EUA
Argentina,Brasil
Brasil,Australia
Brasil,EUA
Brasil,Coreia_do_Sul
EUA,Coreia_do_Sul
Brasil,EUA
Brasil,China
EUA,China
Brasil,China
Brasil,EUA
Brasil,Japao
EUA,Japao
Brasil,EUA
Brasil,China
EUA,China
Brasil,EUA
Brasil,Japao
EUA,Japao
Brasil,EUA
Brasil,EUA
Brasil,EUA
Brasil,Japao
EUA,EUA
EUA,Japao
EUA,Japao
Brasil,Uniao_Europeia
Brasil,China
Brasil,EUA
Africa_do_Sul,Brasil
Africa_do_Sul,China
Africa_do_Sul,India
Africa_do_Sul,Russia
Brasil,China
Brasil,India
Brasil,Russia
China,India
China,Russia
India,Russia
China,India
China,Russia
India,Russia
Brasil,Uniao_Europeia
Brasil,EUA
Brasil,Uniao_Europeia
EUA,Uniao_Europeia
Brasil,EUA
Brasil,Italia
Brasil,EUA
Brasil,EUA
Brasil,EUA
Brasil,EUA
Brasil,EUA
Brasil,China
EUA,China
Brasil,EUA
Brasil,China
EUA,China
Brasil,EUA
Brasil,EUA
Brasil,China
Brasil,Italia
EUA,EUA
EUA,China
EUA,Italia
EUA,China
EUA,Italia
China,Italia
Brasil,EUA
Brasil,EUA
Brasil,Italia
EUA,Italia
Brasil,EUA
Brasil,Italia
EUA,Italia
Brasil,EUA
Brasil,Italia
EUA,Italia
Brasil,EUA
Brasil,Alemanha
EUA,Alemanha
Brasil,EUA
Brasil,Franca
EUA,Franca
Brasil,Japao
Brasil,EUA
Brasil,EUA
Brasil,Japao
Brasil,Inglaterra
Japao,Inglaterra
Argentina,Brasil
Argentina,Japao
Brasil,Japao
Brasil,Italia
Brasil,Franca
Brasil,EUA
Brasil,Uniao_Europeia
Brasil,Franca
EUA,Uniao_Europeia
EUA,Franca
Uniao_Europeia,Franca
Brasil,EUA
Brasil,EUA
Brasil,EUA
Brasil,EUA
Brasil,EUA
EUA,EUA
Brasil,EUA
Brasil,EUA
EUA,EUA
Brasil,EUA
Brasil,EUA
Brasil,Russia
EUA,Russia
Brasil,Uniao_Europeia
Brasil,Alemanha
Brasil,Franca
Brasil,Reino_Unido
Uniao_Europeia,Alemanha
Uniao_Europeia,Franca
Uniao_Europeia,Reino_Unido
Alemanha,Franca
Alemanha,Reino_Unido
Franca,Reino_Unido
Brasil,Italia
Brasil,Alemanha
Brasil,Alemanha
Brasil,Japao
Brasil,Mexico
Brasil,EUA
Brasil,EUA
Mexico,EUA
Mexico,EUA
EUA,EUA
Brasil,China
Argentina,Brasil
Brasil,India
Brasil,Japao
Brasil,China
Brasil,China
Brasil,China
Brasil,Alemanha
Brasil,EUA
Brasil,Mexico
Brasil,Alemanha
Brasil,Franca
Alemanha,Franca
Brasil,India
Brasil,Japao
Brasil,EUA
Brasil,EUA
Brasil,Japao
EUA,EUA
EUA,Japao
EUA,Japao
Brasil,EUA
Brasil,EUA
Argentina,EUA
Argentina,China
Argentina,Franca
Argentina,Russia
EUA,China
EUA,Franca
EUA,Russia
China,Franca
China,Russia
Franca,Russia
Argentina,China
Argentina,Russia
China,Russia
EUA,China
EUA,Japao
China,Japao
EUA,EUA
Brasil,EUA
Brasil,EUA
EUA,EUA
Argentina,Brasil
Brasil,EUA
Brasil,EUA
EUA,EUA
Brasil,EUA
Brasil,EUA
EUA,EUA
Brasil,Uniao_Europeia
Argentina,Brasil
Argentina,Canada
Argentina,China
Brasil,Canada
Brasil,China
Canada,China
Argentina,Canada
Argentina,China
Canada,China
Argentina,Brasil
Brasil,EUA
EUA,China
EUA,Australia
China,Australia
Australia,China
China,India
China,India
Canada,Australia
Australia,Canada
Argentina,Brasil
Argentina,EUA
Brasil,EUA
EUA,Reino_Unido
Brasil,EUA
Brasil,China
EUA,China
Brasil,EUA
Brasil,EUA
Brasil,Alemanha
Brasil,Franca
EUA,Alemanha
EUA,Franca
Alemanha,Franca
EUA,Arabia_Saudita
EUA,Turquia
EUA,Uniao_Europeia
EUA,Russia
Arabia_Saudita,Turquia
Arabia_Saudita,Uniao_Europeia
Arabia_Saudita,Russia
Turquia,Uniao_Europeia
Turquia,Russia
Uniao_Europeia,Russia
Argentina,Brasil
Argentina,Mexico
Argentina,Canada
Argentina,EUA
Argentina,China
Argentina,Japao
Argentina,India
Argentina,Alemanha
Argentina,Franca
Argentina,Italia
Argentina,Russia
Argentina,Reino_Unido
Brasil,Mexico
Brasil,Canada
Brasil,EUA
Brasil,China
Brasil,Japao
Brasil,India
Brasil,Alemanha
Brasil,Franca
Brasil,Italia
Brasil,Russia
Brasil,Reino_Unido
Mexico,Canada
Mexico,EUA
Mexico,China
Mexico,Japao
Mexico,India
Mexico,Alemanha
Mexico,Franca
Mexico,Italia
Mexico,Russia
Mexico,Reino_Unido
Canada,EUA
Canada,China
Canada,Japao
Canada,India
Canada,Alemanha
Canada,Franca
Canada,Italia
Canada,Russia
Canada,Reino_Unido
EUA,China
EUA,Japao
EUA,India
EUA,Alemanha
EUA,Franca
EUA,Italia
EUA,Russia
EUA,Reino_Unido
China,Japao
China,India
China,Alemanha
China,Franca
China,Italia
China,Russia
China,Reino_Unido
Japao,India
Japao,Alemanha
Japao,Franca
Japao,Italia
Japao,Russia
Japao,Reino_Unido
India,Alemanha
India,Franca
India,Italia
India,Russia
India,Reino_Unido
Alemanha,Franca
Alemanha,Italia
Alemanha,Russia
Alemanha,Reino_Unido
Franca,Italia
Franca,Russia
Franca,Reino_Unido
Italia,Russia
Italia,Reino_Unido
Russia,Reino_Unido
Argentina,Canada
Argentina,China
Argentina,India
Argentina,Mexico
Argentina,Russia
Canada,China
Canada,India
Canada,Mexico
Canada,Russia
China,India
China,Mexico
China,Russia
India,Mexico
India,Russia
Mexico,Russia
Argentina,Brasil
Argentina,EUA
Argentina,EUA
Brasil,EUA
Brasil,EUA
EUA,EUA
Brasil,Canada
Brasil,EUA
Canada,EUA
Brasil,EUA
Brasil,China
Brasil,Alemanha
Brasil,Franca
EUA,China
EUA,Alemanha
EUA,Franca
China,Alemanha
China,Franca
Alemanha,Franca
China,India
China,India
EUA,China
China,India
China,India
Argentina,Brasil
Brasil,EUA
Brasil,EUA
Brasil,China
EUA,EUA
EUA,China
EUA,China
Brasil,EUA
Brasil,China
EUA,China
EUA,China
EUA,Alemanha
China,Alemanha
Brasil,EUA
Brasil,Franca
Argentina,Brasil
Brasil,EUA
EUA,China
EUA,Alemanha
China,Alemanha
Brasil,EUA
Brasil,China
Brasil,EUA
Argentina,China
Argentina,China
Brasil,EUA
Brasil,China
China,India
China,India
Brasil,China
Brasil,China
China,India
China,India
EUA,China
Brasil,EUA
Brasil,Canada
Brasil,EUA
Brasil,EUA
Brasil,China
EUA,China
Brasil,EUA
Brasil,China
Brasil,EUA
Brasil,EUA
Brasil,EUA
Brasil,China
EUA,EUA
EUA,China
EUA,China
Brasil,Canada
Brasil,EUA
Brasil,Russia
EUA,Russia
Brasil,EUA
Brasil,EUA
EUA,EUA
Brasil,EUA
Brasil,China
EUA,China
EUA,China
Brasil,EUA
Argentina,Brasil
Argentina,Mexico
Argentina,Canada
Argentina,EUA
Argentina,China
Argentina,Japao
Argentina,India
Argentina,Alemanha
Argentina,Franca
Argentina,Italia
Argentina,Russia
Argentina,Reino_Unido
Brasil,Mexico
Brasil,Canada
Brasil,EUA
Brasil,China
Brasil,Japao
Brasil,India
Brasil,Alemanha
Brasil,Franca
Brasil,Italia
Brasil,Russia
Brasil,Reino_Unido
Mexico,Canada
Mexico,EUA
Mexico,China
Mexico,Japao
Mexico,India
Mexico,Alemanha
Mexico,Franca
Mexico,Italia
Mexico,Russia
Mexico,Reino_Unido
Canada,EUA
Canada,China
Canada,Japao
Canada,India
Canada,Alemanha
Canada,Franca
Canada,Italia
Canada,Russia
Canada,Reino_Unido
EUA,China
EUA,Japao
EUA,India
EUA,Alemanha
EUA,Franca
EUA,Italia
EUA,Russia
EUA,Reino_Unido
China,Japao
China,India
China,Alemanha
China,Franca
China,Italia
China,Russia
China,Reino_Unido
Japao,India
Japao,Alemanha
Japao,Franca
Japao,Italia
Japao,Russia
Japao,Reino_Unido
India,Alemanha
India,Franca
India,Italia
India,Russia
India,Reino_Unido
Alemanha,Franca
Alemanha,Italia
Alemanha,Russia
Alemanha,Reino_Unido
Franca,Italia
Franca,Russia
Franca,Reino_Unido
Italia,Russia
Italia,Reino_Unido
Russia,Reino_Unido
Argentina,Canada
Argentina,China
Argentina,India
Argentina,Mexico
Argentina,Russia
Canada,China
Canada,India
Canada,Mexico
Canada,Russia
China,India
China,Mexico
China,Russia
India,Mexico
India,Russia
Mexico,Russia
Argentina,Brasil
Brasil,EUA
Brasil,EUA
EUA,EUA
Argentina,Brasil
Argentina,EUA
Brasil,EUA
Brasil,EUA
Brasil,EUA
EUA,EUA
Brasil,Uniao_Europeia
Brasil,Italia
Uniao_Europeia,Italia
Argentina,Brasil
Argentina,Mexico
Argentina,Canada
Argentina,EUA
Argentina,EUA
Argentina,China
Argentina,Japao
Argentina,India
Argentina,Alemanha
Argentina,Franca
Argentina,Italia
Argentina,Russia
Argentina,Reino_Unido
Brasil,Mexico
Brasil,Canada
Brasil,EUA
Brasil,EUA
Brasil,China
Brasil,Japao
Brasil,India
Brasil,Alemanha
Brasil,Franca
Brasil,Italia
Brasil,Russia
Brasil,Reino_Unido
Mexico,Canada
Mexico,EUA
Mexico,EUA
Mexico,China
Mexico,Japao
Mexico,India
Mexico,Alemanha
Mexico,Franca
Mexico,Italia
Mexico,Russia
Mexico,Reino_Unido
Canada,EUA
Canada,EUA
Canada,China
Canada,Japao
Canada,India
Canada,Alemanha
Canada,Franca
Canada,Italia
Canada,Russia
Canada,Reino_Unido
EUA,EUA
EUA,China
EUA,Japao
EUA,India
EUA,Alemanha
EUA,Franca
EUA,Italia
EUA,Russia
EUA,Reino_Unido
EUA,China
EUA,Japao
EUA,India
EUA,Alemanha
EUA,Franca
EUA,Italia
EUA,Russia
EUA,Reino_Unido
China,Japao
China,India
China,Alemanha
China,Franca
China,Italia
China,Russia
China,Reino_Unido
Japao,India
Japao,Alemanha
Japao,Franca
Japao,Italia
Japao,Russia
Japao,Reino_Unido
India,Alemanha
India,Franca
India,Italia
India,Russia
India,Reino_Unido
Alemanha,Franca
Alemanha,Italia
Alemanha,Russia
Alemanha,Reino_Unido
Franca,Italia
Franca,Russia
Franca,Reino_Unido
Italia,Russia
Italia,Reino_Unido
Russia,Reino_Unido
Argentina,Canada
Argentina,China
Argentina,India
Argentina,Mexico
Argentina,Russia
Canada,China
Canada,India
Canada,Mexico
Canada,Russia
China,India
China,Mexico
China,Russia
India,Mexico
India,Russia
Mexico,Russia
Brasil,EUA
Brasil,Uniao_Europeia
Brasil,Italia
Uniao_Europeia,Italia
Argentina,Brasil
EUA,EUA
EUA,China
EUA,Australia
EUA,China
EUA,Australia
China,Australia
Australia,China
Brasil,EUA
Brasil,Mexico
Brasil,EUA
Brasil,China
Brasil,Italia
Brasil,Russia
Mexico,EUA
Mexico,China
Mexico,Italia
Mexico,Russia
EUA,China
EUA,Italia
EUA,Russia
China,Italia
China,Russia
Italia,Russia
China,Mexico
China,Russia
Mexico,Russia
Brasil,EUA
Brasil,EUA
EUA,EUA
EUA,China
EUA,China
Brasil,EUA
Brasil,Alemanha
Brasil,Franca
Alemanha,Franca
EUA,Japao
EUA,Uniao_Europeia
Japao,Uniao_Europeia
Brasil,China
Brasil,EUA
Brasil,Uniao_Europeia
Brasil,Italia
Uniao_Europeia,Italia
Brasil,China
Brasil,Japao
China,Japao
Brasil,EUA
Argentina,Brasil
Argentina,EUA
Brasil,EUA
Brasil,EUA
Brasil,China
EUA,China
Brasil,EUA
Brasil,China
Brasil,India
Brasil,Russia
EUA,China
EUA,India
EUA,Russia
China,India
China,Russia
India,Russia
China,India
China,Russia
India,Russia
EUA,China
EUA,Franca
China,Franca
EUA,Indonesia
EUA,Japao
EUA,Coreia_do_Sul
EUA,India
EUA,Indonesia
Japao,Coreia_do_Sul
Japao,India
Japao,Indonesia
Coreia_do_Sul,India
Coreia_do_Sul,Indonesia
India,Indonesia
India,Indonesia
Argentina,Brasil
Argentina,Mexico
Argentina,EUA
Brasil,Mexico
Brasil,EUA
Mexico,EUA
Argentina,Mexico
Brasil,Mexico
Brasil,EUA
Mexico,EUA
Brasil,Canada
China,India
China,Indonesia
India,Indonesia
China,India
China,Indonesia
India,Indonesia
China,India
China,Indonesia
India,Indonesia
China,India
China,Indonesia
India,Indonesia
Brasil,Alemanha
Mexico,Canada
Mexico,Australia
Canada,Australia
Australia,Canada
Australia,Mexico
EUA,China
EUA,Coreia_do_Sul
China,Coreia_do_Sul
Brasil,EUA
EUA,China
EUA,Coreia_do_Sul
China,Coreia_do_Sul
Argentina,EUA
Brasil,EUA
Brasil,Alemanha
Brasil,Reino_Unido
EUA,Alemanha
EUA,Reino_Unido
Alemanha,Reino_Unido
EUA,EUA
EUA,Franca
Brasil,EUA
Brasil,EUA
Brasil,Alemanha
EUA,EUA
EUA,Alemanha
EUA,Alemanha
Brasil,Alemanha
Argentina,Brasil
Argentina,Mexico
Argentina,Canada
Argentina,EUA
Argentina,China
Argentina,Japao
Argentina,India
Argentina,Alemanha
Argentina,Franca
Argentina,Italia
Argentina,Russia
Argentina,Reino_Unido
Brasil,Mexico
Brasil,Canada
Brasil,EUA
Brasil,China
Brasil,Japao
Brasil,India
Brasil,Alemanha
Brasil,Franca
Brasil,Italia
Brasil,Russia
Brasil,Reino_Unido
Mexico,Canada
Mexico,EUA
Mexico,China
Mexico,Japao
Mexico,India
Mexico,Alemanha
Mexico,Franca
Mexico,Italia
Mexico,Russia
Mexico,Reino_Unido
Canada,EUA
Canada,China
Canada,Japao
Canada,India
Canada,Alemanha
Canada,Franca
Canada,Italia
Canada,Russia
Canada,Reino_Unido
EUA,China
EUA,Japao
EUA,India
EUA,Alemanha
EUA,Franca
EUA,Italia
EUA,Russia
EUA,Reino_Unido
China,Japao
China,India
China,Alemanha
China,Franca
China,Italia
China,Russia
China,Reino_Unido
Japao,India
Japao,Alemanha
Japao,Franca
Japao,Italia
Japao,Russia
Japao,Reino_Unido
India,Alemanha
India,Franca
India,Italia
India,Russia
India,Reino_Unido
Alemanha,Franca
Alemanha,Italia
Alemanha,Russia
Alemanha,Reino_Unido
Franca,Italia
Franca,Russia
Franca,Reino_Unido
Italia,Russia
Italia,Reino_Unido
Russia,Reino_Unido
Argentina,Canada
Argentina,China
Argentina,India
Argentina,Mexico
Argentina,Russia
Canada,China
Canada,India
Canada,Mexico
Canada,Russia
China,India
China,Mexico
China,Russia
India,Mexico
India,Russia
Mexico,Russia
Brasil,EUA
Brasil,China
Brasil,Reino_Unido
EUA,China
EUA,Reino_Unido
China,Reino_Unido
Brasil,EUA
Brasil,China
EUA,China
Brasil,EUA
Brasil,India
Brasil,Indonesia
Brasil,Turquia
EUA,India
EUA,Indonesia
EUA,Turquia
India,Indonesia
India,Turquia
Indonesia,Turquia
India,Indonesia
Brasil,EUA
Argentina,Brasil
Argentina,Brasil
Argentina,EUA
Brasil,EUA
Uniao_Europeia,Franca
Uniao_Europeia,Russia
Uniao_Europeia,Reino_Unido
Franca,Russia
Franca,Reino_Unido
Russia,Reino_Unido
Argentina,Brasil
Brasil,EUA
Brasil,Reino_Unido
EUA,Reino_Unido
Brasil,EUA
Brasil,EUA
Brasil,EUA
Brasil,Reino_Unido
EUA,Reino_Unido
EUA,EUA
Brasil,EUA
Brasil,EUA
Brasil,China
Brasil,India
Brasil,Russia
EUA,EUA
EUA,China
EUA,India
EUA,Russia
EUA,China
EUA,India
EUA,Russia
China,India
China,Russia
India,Russia
China,India
China,Russia
India,Russia
Argentina,Brasil
Argentina,EUA
Brasil,EUA
Brasil,EUA
Brasil,China
EUA,China
Brasil,India
Brasil,Mexico
Brasil,India
Brasil,Turquia
Mexico,India
Mexico,Turquia
India,Turquia
India,Mexico
EUA,China
EUA,Japao
China,Japao
India,Indonesia
India,Indonesia
Brasil,EUA
Brasil,Reino_Unido
EUA,Reino_Unido
Brasil,China
India,Arabia_Saudita
Argentina,Brasil
Argentina,Mexico
Argentina,Canada
Argentina,EUA
Argentina,China
Argentina,Japao
Argentina,India
Argentina,Alemanha
Argentina,Franca
Argentina,Italia
Argentina,Russia
Argentina,Reino_Unido
Brasil,Mexico
Brasil,Canada
Brasil,EUA
Brasil,China
Brasil,Japao
Brasil,India
Brasil,Alemanha
Brasil,Franca
Brasil,Italia
Brasil,Russia
Brasil,Reino_Unido
Mexico,Canada
Mexico,EUA
Mexico,China
Mexico,Japao
Mexico,India
Mexico,Alemanha
Mexico,Franca
Mexico,Italia
Mexico,Russia
Mexico,Reino_Unido
Canada,EUA
Canada,China
Canada,Japao
Canada,India
Canada,Alemanha
Canada,Franca
Canada,Italia
Canada,Russia
Canada,Reino_Unido
EUA,China
EUA,Japao
EUA,India
EUA,Alemanha
EUA,Franca
EUA,Italia
EUA,Russia
EUA,Reino_Unido
China,Japao
China,India
China,Alemanha
China,Franca
China,Italia
China,Russia
China,Reino_Unido
Japao,India
Japao,Alemanha
Japao,Franca
Japao,Italia
Japao,Russia
Japao,Reino_Unido
India,Alemanha
India,Franca
India,Italia
India,Russia
India,Reino_Unido
Alemanha,Franca
Alemanha,Italia
Alemanha,Russia
Alemanha,Reino_Unido
Franca,Italia
Franca,Russia
Franca,Reino_Unido
Italia,Russia
Italia,Reino_Unido
Russia,Reino_Unido
Argentina,Canada
Argentina,China
Argentina,India
Argentina,Mexico
Argentina,Russia
Canada,China
Canada,India
Canada,Mexico
Canada,Russia
China,India
China,Mexico
China,Russia
India,Mexico
India,Russia
Mexico,Russia
Argentina,Brasil
Argentina,Mexico
Argentina,Canada
Argentina,EUA
Argentina,China
Argentina,Japao
Argentina,India
Argentina,Alemanha
Argentina,Franca
Argentina,Italia
Argentina,Russia
Argentina,Reino_Unido
Brasil,Mexico
Brasil,Canada
Brasil,EUA
Brasil,China
Brasil,Japao
Brasil,India
Brasil,Alemanha
Brasil,Franca
Brasil,Italia
Brasil,Russia
Brasil,Reino_Unido
Mexico,Canada
Mexico,EUA
Mexico,China
Mexico,Japao
Mexico,India
Mexico,Alemanha
Mexico,Franca
Mexico,Italia
Mexico,Russia
Mexico,Reino_Unido
Canada,EUA
Canada,China
Canada,Japao
Canada,India
Canada,Alemanha
Canada,Franca
Canada,Italia
Canada,Russia
Canada,Reino_Unido
EUA,China
EUA,Japao
EUA,India
EUA,Alemanha
EUA,Franca
EUA,Italia
EUA,Russia
EUA,Reino_Unido
China,Japao
China,India
China,Alemanha
China,Franca
China,Italia
China,Russia
China,Reino_Unido
Japao,India
Japao,Alemanha
Japao,Franca
Japao,Italia
Japao,Russia
Japao,Reino_Unido
India,Alemanha
India,Franca
India,Italia
India,Russia
India,Reino_Unido
Alemanha,Franca
Alemanha,Italia
Alemanha,Russia
Alemanha,Reino_Unido
Franca,Italia
Franca,Russia
Franca,Reino_Unido
Italia,Russia
Italia,Reino_Unido
Russia,Reino_Unido
Argentina,Canada
Argentina,China
Argentina,India
Argentina,Mexico
Argentina,Russia
Canada,China
Canada,India
Canada,Mexico
Canada,Russia
China,India
China,Mexico
China,Russia
India,Mexico
India,Russia
Mexico,Russia
Brasil,China
Brasil,EUA
Brasil,EUA
Brasil,EUA
Brasil,Alemanha
Brasil,Reino_Unido
EUA,Alemanha
EUA,Reino_Unido
Alemanha,Reino_Unido
Brasil,Uniao_Europeia
Brasil,China
Brasil,EUA
Brasil,China
Argentina,Brasil
Argentina,Brasil
Argentina,Mexico
Argentina,Canada
Argentina,EUA
Argentina,China
Argentina,Japao
Argentina,India
Argentina,Alemanha
Argentina,Franca
Argentina,Italia
Argentina,Russia
Argentina,Reino_Unido
Brasil,Mexico
Brasil,Canada
Brasil,EUA
Brasil,China
Brasil,Japao
Brasil,India
Brasil,Alemanha
Brasil,Franca
Brasil,Italia
Brasil,Russia
Brasil,Reino_Unido
Mexico,Canada
Mexico,EUA
Mexico,China
Mexico,Japao
Mexico,India
Mexico,Alemanha
Mexico,Franca
Mexico,Italia
Mexico,Russia
Mexico,Reino_Unido
Canada,EUA
Canada,China
Canada,Japao
Canada,India
Canada,Alemanha
Canada,Franca
Canada,Italia
Canada,Russia
Canada,Reino_Unido
EUA,China
EUA,Japao
EUA,India
EUA,Alemanha
EUA,Franca
EUA,Italia
EUA,Russia
EUA,Reino_Unido
China,Japao
China,India
China,Alemanha
China,Franca
China,Italia
China,Russia
China,Reino_Unido
Japao,India
Japao,Alemanha
Japao,Franca
Japao,Italia
Japao,Russia
Japao,Reino_Unido
India,Alemanha
India,Franca
India,Italia
India,Russia
India,Reino_Unido
Alemanha,Franca
Alemanha,Italia
Alemanha,Russia
Alemanha,Reino_Unido
Franca,Italia
Franca,Russia
Franca,Reino_Unido
Italia,Russia
Italia,Reino_Unido
Russia,Reino_Unido
Argentina,Canada
Argentina,China
Argentina,India
Argentina,Mexico
Argentina,Russia
Canada,China
Canada,India
Canada,Mexico
Canada,Russia
China,India
China,Mexico
China,Russia
India,Mexico
India,Russia
Mexico,Russia
Brasil,EUA
Brasil,EUA
EUA,EUA
Argentina,Brasil
India,Indonesia
India,Indonesia
Argentina,Brasil
Brasil,EUA
EUA,Alemanha
EUA,Reino_Unido
Alemanha,Reino_Unido
Brasil,EUA
Brasil,EUA
Brasil,Alemanha
Brasil,Alemanha
Argentina,Brasil
Alemanha,Reino_Unido
Alemanha,Inglaterra
Reino_Unido,Inglaterra
Brasil,EUA
Brasil,EUA
EUA,EUA
Brasil,EUA
Brasil,Alemanha
Brasil,Reino_Unido
EUA,Alemanha
EUA,Reino_Unido
Alemanha,Reino_Unido
Brasil,EUA
Brasil,Alemanha
Brasil,Reino_Unido
Alemanha,Reino_Unido
Brasil,EUA
Brasil,EUA
Brasil,EUA
Argentina,EUA
Argentina,EUA
Brasil,EUA
EUA,China
Brasil,China
Brasil,Indonesia
China,Indonesia
China,Indonesia
Brasil,EUA
Brasil,EUA
Brasil,China
Brasil,India
Brasil,Russia
EUA,EUA
EUA,China
EUA,India
EUA,Russia
EUA,China
EUA,India
EUA,Russia
China,India
China,Russia
India,Russia
China,India
China,Russia
India,Russia
Brasil,EUA
Brasil,Alemanha
Brasil,Reino_Unido
EUA,Alemanha
EUA,Reino_Unido
Alemanha,Reino_Unido
Brasil,EUA
Brasil,Russia
EUA,Russia
Argentina,Brasil
Argentina,EUA
Brasil,EUA
EUA,Indonesia
EUA,EUA
EUA,Japao
EUA,Japao
Brasil,Alemanha
Argentina,Brasil
Brasil,EUA
Brasil,EUA
Brasil,China
Brasil,India
EUA,China
EUA,India
China,India
China,India
EUA,EUA
Brasil,EUA
Brasil,EUA
EUA,EUA
Africa_do_Sul,Brasil
Africa_do_Sul,EUA
Africa_do_Sul,China
Africa_do_Sul,India
Africa_do_Sul,Indonesia
Africa_do_Sul,Turquia
Africa_do_Sul,Russia
Brasil,EUA
Brasil,China
Brasil,India
Brasil,Indonesia
Brasil,Turquia
Brasil,Russia
EUA,China
EUA,India
EUA,Indonesia
EUA,Turquia
EUA,Russia
China,India
China,Indonesia
China,Turquia
China,Russia
India,Indonesia
India,Turquia
India,Russia
Indonesia,Turquia
Indonesia,Russia
Turquia,Russia
China,India
China,Indonesia
China,Russia
India,Indonesia
India,Russia
Indonesia,Russia
Brasil,EUA
Brasil,EUA
Brasil,China
Brasil,Alemanha
Brasil,Reino_Unido
EUA,China
EUA,Alemanha
EUA,Reino_Unido
China,Alemanha
China,Reino_Unido
Alemanha,Reino_Unido
EUA,Indonesia
EUA,Turquia
Indonesia,Turquia
Argentina,Brasil
Argentina,EUA
Argentina,China
Argentina,Uniao_Europeia
Brasil,EUA
Brasil,China
Brasil,Uniao_Europeia
EUA,China
EUA,Uniao_Europeia
China,Uniao_Europeia
Argentina,China
Argentina,Brasil
EUA,EUA
EUA,Alemanha
EUA,Reino_Unido
EUA,Alemanha
EUA,Reino_Unido
Alemanha,Reino_Unido
EUA,EUA
Argentina,Brasil
Brasil,EUA
Brasil,China
Brasil,India
Brasil,Russia
EUA,China
EUA,India
EUA,Russia
China,India
China,Russia
India,Russia
China,India
China,Russia
India,Russia
EUA,EUA
EUA,EUA
Argentina,Brasil
Argentina,Mexico
Argentina,Canada
Argentina,EUA
Argentina,India
Brasil,Mexico
Brasil,Canada
Brasil,EUA
Brasil,India
Mexico,Canada
Mexico,EUA
Mexico,India
Canada,EUA
Canada,India
EUA,India
Argentina,Canada
Argentina,India
Argentina,Mexico
Canada,India
Canada,Mexico
India,Mexico
Argentina,Reino_Unido
Brasil,EUA
Brasil,EUA
Brasil,EUA
Brasil,EUA
Argentina,Brasil
Argentina,Mexico
Argentina,China
Argentina,Franca
Brasil,Mexico
Brasil,China
Brasil,Franca
Mexico,China
Mexico,Franca
China,Franca
Argentina,China
Argentina,Mexico
China,Mexico
Argentina,Mexico
Argentina,Canada
Argentina,China
Argentina,India
Argentina,Indonesia
Argentina,Russia
Argentina,Australia
Mexico,Canada
Mexico,China
Mexico,India
Mexico,Indonesia
Mexico,Russia
Mexico,Australia
Canada,China
Canada,India
Canada,Indonesia
Canada,Russia
Canada,Australia
China,India
China,Indonesia
China,Russia
China,Australia
India,Indonesia
India,Russia
India,Australia
Indonesia,Russia
Indonesia,Australia
Russia,Australia
Argentina,Australia
Argentina,Canada
Argentina,China
Argentina,India
Argentina,Indonesia
Argentina,Mexico
Argentina,Russia
Australia,Canada
Australia,China
Australia,India
Australia,Indonesia
Australia,Mexico
Australia,Russia
Canada,China
Canada,India
Canada,Indonesia
Canada,Mexico
Canada,Russia
China,India
China,Indonesia
China,Mexico
China,Russia
India,Indonesia
India,Mexico
India,Russia
Indonesia,Mexico
Indonesia,Russia
Mexico,Russia
EUA,Franca
Africa_do_Sul,Brasil
Africa_do_Sul,EUA
Africa_do_Sul,China
Africa_do_Sul,India
Africa_do_Sul,Indonesia
Africa_do_Sul,Turquia
Africa_do_Sul,Russia
Brasil,EUA
Brasil,China
Brasil,India
Brasil,Indonesia
Brasil,Turquia
Brasil,Russia
EUA,China
EUA,India
EUA,Indonesia
EUA,Turquia
EUA,Russia
China,India
China,Indonesia
China,Turquia
China,Russia
India,Indonesia
India,Turquia
India,Russia
Indonesia,Turquia
Indonesia,Russia
Turquia,Russia
China,India
China,Indonesia
China,Russia
India,Indonesia
India,Russia
Indonesia,Russia
Brasil,EUA
Brasil,EUA
EUA,EUA
Argentina,Brasil
Argentina,Mexico
Argentina,EUA
Argentina,EUA
Argentina,Japao
Argentina,Alemanha
Argentina,Franca
Argentina,Italia
Argentina,Russia
Argentina,Inglaterra
Brasil,Mexico
Brasil,EUA
Brasil,EUA
Brasil,Japao
Brasil,Alemanha
Brasil,Franca
Brasil,Italia
Brasil,Russia
Brasil,Inglaterra
Mexico,EUA
Mexico,EUA
Mexico,Japao
Mexico,Alemanha
Mexico,Franca
Mexico,Italia
Mexico,Russia
Mexico,Inglaterra
EUA,EUA
EUA,Japao
EUA,Alemanha
EUA,Franca
EUA,Italia
EUA,Russia
EUA,Inglaterra
EUA,Japao
EUA,Alemanha
EUA,Franca
EUA,Italia
EUA,Russia
EUA,Inglaterra
Japao,Alemanha
Japao,Franca
Japao,Italia
Japao,Russia
Japao,Inglaterra
Alemanha,Franca
Alemanha,Italia
Alemanha,Russia
Alemanha,Inglaterra
Franca,Italia
Franca,Russia
Franca,Inglaterra
Italia,Russia
Italia,Inglaterra
Russia,Inglaterra
Argentina,Mexico
Argentina,Russia
Mexico,Russia
Brasil,EUA
Brasil,Inglaterra
EUA,Inglaterra
Brasil,EUA
Argentina,Brasil
Argentina,EUA
Argentina,Reino_Unido
EUA,Reino_Unido
Brasil,Franca
Brasil,EUA
Brasil,China
Brasil,India
Brasil,Russia
EUA,China
EUA,India
EUA,Russia
China,India
China,Russia
India,Russia
China,India
China,Russia
India,Russia
EUA,Franca
Brasil,EUA
Brasil,EUA
EUA,EUA
Brasil,EUA
EUA,EUA
EUA,Turquia
Brasil,Alemanha
Brasil,EUA
Brasil,Franca
India,Indonesia
India,Indonesia
EUA,EUA
Brasil,Alemanha
Brasil,EUA
Brasil,EUA
Brasil,India
EUA,EUA
EUA,India
EUA,India
Argentina,Brasil
Argentina,Mexico
Argentina,Canada
Argentina,EUA
Argentina,EUA
Argentina,China
Argentina,Japao
Argentina,India
Argentina,Alemanha
Argentina,Franca
Argentina,Italia
Argentina,Russia
Argentina,Reino_Unido
Brasil,Mexico
Brasil,Canada
Brasil,EUA
Brasil,EUA
Brasil,China
Brasil,Japao
Brasil,India
Brasil,Alemanha
Brasil,Franca
Brasil,Italia
Brasil,Russia
Brasil,Reino_Unido
Mexico,Canada
Mexico,EUA
Mexico,EUA
Mexico,China
Mexico,Japao
Mexico,India
Mexico,Alemanha
Mexico,Franca
Mexico,Italia
Mexico,Russia
Mexico,Reino_Unido
Canada,EUA
Canada,EUA
Canada,China
Canada,Japao
Canada,India
Canada,Alemanha
Canada,Franca
Canada,Italia
Canada,Russia
Canada,Reino_Unido
EUA,EUA
EUA,China
EUA,Japao
EUA,India
EUA,Alemanha
EUA,Franca
EUA,Italia
EUA,Russia
EUA,Reino_Unido
EUA,China
EUA,Japao
EUA,India
EUA,Alemanha
EUA,Franca
EUA,Italia
EUA,Russia
EUA,Reino_Unido
China,Japao
China,India
China,Alemanha
China,Franca
China,Italia
China,Russia
China,Reino_Unido
Japao,India
Japao,Alemanha
Japao,Franca
Japao,Italia
Japao,Russia
Japao,Reino_Unido
India,Alemanha
India,Franca
India,Italia
India,Russia
India,Reino_Unido
Alemanha,Franca
Alemanha,Italia
Alemanha,Russia
Alemanha,Reino_Unido
Franca,Italia
Franca,Russia
Franca,Reino_Unido
Italia,Russia
Italia,Reino_Unido
Russia,Reino_Unido
Argentina,Canada
Argentina,China
Argentina,India
Argentina,Mexico
Argentina,Russia
Canada,China
Canada,India
Canada,Mexico
Canada,Russia
China,India
China,Mexico
China,Russia
India,Mexico
India,Russia
Mexico,Russia
Brasil,EUA
Brasil,India
EUA,India
EUA,EUA
Reino_Unido,Inglaterra
Brasil,Alemanha
Mexico,China
Mexico,India
Mexico,Indonesia
Mexico,Russia
China,India
China,Indonesia
China,Russia
India,Indonesia
India,Russia
Indonesia,Russia
China,India
China,Indonesia
China,Mexico
China,Russia
India,Indonesia
India,Mexico
India,Russia
Indonesia,Mexico
Indonesia,Russia
Mexico,Russia
Brasil,Japao
EUA,Reino_Unido
Brasil,China
Brasil,EUA
Argentina,Mexico
Argentina,Canada
Argentina,China
Argentina,India
Argentina,Indonesia
Argentina,Russia
Argentina,Australia
Mexico,Canada
Mexico,China
Mexico,India
Mexico,Indonesia
Mexico,Russia
Mexico,Australia
Canada,China
Canada,India
Canada,Indonesia
Canada,Russia
Canada,Australia
China,India
China,Indonesia
China,Russia
China,Australia
India,Indonesia
India,Russia
India,Australia
Indonesia,Russia
Indonesia,Australia
Russia,Australia
Argentina,Australia
Argentina,Canada
Argentina,China
Argentina,India
Argentina,Indonesia
Argentina,Mexico
Argentina,Russia
Australia,Canada
Australia,China
Australia,India
Australia,Indonesia
Australia,Mexico
Australia,Russia
Canada,China
Canada,India
Canada,Indonesia
Canada,Mexico
Canada,Russia
China,India
China,Indonesia
China,Mexico
China,Russia
India,Indonesia
India,Mexico
India,Russia
Indonesia,Mexico
Indonesia,Russia
Mexico,Russia
Mexico,China
Mexico,India
Mexico,Indonesia
China,India
China,Indonesia
India,Indonesia
China,India
China,Indonesia
China,Mexico
India,Indonesia
India,Mexico
Indonesia,Mexico
Argentina,Brasil
Brasil,EUA
EUA,China
Argentina,Brasil
Argentina,Canada
Argentina,EUA
Argentina,Franca
Brasil,Canada
Brasil,EUA
Brasil,Franca
Canada,EUA
Canada,Franca
EUA,Franca
Argentina,Canada
Argentina,Brasil
Argentina,EUA
Argentina,Franca
Brasil,EUA
Brasil,Franca
EUA,Franca
Brasil,Mexico
Brasil,EUA
Mexico,EUA
Canada,EUA
Canada,China
Canada,Alemanha
EUA,China
EUA,Alemanha
China,Alemanha
Canada,China
Brasil,Alemanha
Brasil,China
EUA,EUA
Brasil,Alemanha
EUA,China
Argentina,Brasil
Argentina,Mexico
Argentina,Canada
Argentina,EUA
Argentina,EUA
Argentina,China
Argentina,Japao
Argentina,India
Argentina,Alemanha
Argentina,Franca
Argentina,Italia
Argentina,Russia
Argentina,Reino_Unido
Brasil,Mexico
Brasil,Canada
Brasil,EUA
Brasil,EUA
Brasil,China
Brasil,Japao
Brasil,India
Brasil,Alemanha
Brasil,Franca
Brasil,Italia
Brasil,Russia
Brasil,Reino_Unido
Mexico,Canada
Mexico,EUA
Mexico,EUA
Mexico,China
Mexico,Japao
Mexico,India
Mexico,Alemanha
Mexico,Franca
Mexico,Italia
Mexico,Russia
Mexico,Reino_Unido
Canada,EUA
Canada,EUA
Canada,China
Canada,Japao
Canada,India
Canada,Alemanha
Canada,Franca
Canada,Italia
Canada,Russia
Canada,Reino_Unido
EUA,EUA
EUA,China
EUA,Japao
EUA,India
EUA,Alemanha
EUA,Franca
EUA,Italia
EUA,Russia
EUA,Reino_Unido
EUA,China
EUA,Japao
EUA,India
EUA,Alemanha
EUA,Franca
EUA,Italia
EUA,Russia
EUA,Reino_Unido
China,Japao
China,India
China,Alemanha
China,Franca
China,Italia
China,Russia
China,Reino_Unido
Japao,India
Japao,Alemanha
Japao,Franca
Japao,Italia
Japao,Russia
Japao,Reino_Unido
India,Alemanha
India,Franca
India,Italia
India,Russia
India,Reino_Unido
Alemanha,Franca
Alemanha,Italia
Alemanha,Russia
Alemanha,Reino_Unido
Franca,Italia
Franca,Russia
Franca,Reino_Unido
Italia,Russia
Italia,Reino_Unido
Russia,Reino_Unido
Argentina,Canada
Argentina,China
Argentina,India
Argentina,Mexico
Argentina,Russia
Canada,China
Canada,India
Canada,Mexico
Canada,Russia
China,India
China,Mexico
China,Russia
India,Mexico
India,Russia
Mexico,Russia
Mexico,China
Mexico,India
Mexico,Indonesia
China,India
China,Indonesia
India,Indonesia
China,India
China,Indonesia
China,Mexico
India,Indonesia
India,Mexico
Indonesia,Mexico
Mexico,China
Mexico,India
Mexico,Indonesia
China,India
China,Indonesia
India,Indonesia
China,India
China,Indonesia
China,Mexico
India,Indonesia
India,Mexico
Indonesia,Mexico
EUA,Uniao_Europeia
EUA,Reino_Unido
Uniao_Europeia,Reino_Unido
Mexico,EUA
Brasil,Alemanha
China,India
China,Indonesia
India,Indonesia
China,India
China,Indonesia
India,Indonesia
Brasil,Alemanha
China,India
China,Indonesia
India,Indonesia
China,India
China,Indonesia
India,Indonesia
EUA,EUA
EUA,Reino_Unido
Brasil,Alemanha
Brasil,Russia
Alemanha,Russia
EUA,EUA
Brasil,EUA
Brasil,Franca
EUA,Franca
EUA,Alemanha
EUA,Italia
Alemanha,Italia
Alemanha,Italia
Brasil,EUA
Brasil,Inglaterra
EUA,Inglaterra
Brasil,China
EUA,Arabia_Saudita
EUA,Alemanha
EUA,Franca
Arabia_Saudita,Alemanha
Arabia_Saudita,Franca
Alemanha,Franca
India,Indonesia
India,Indonesia
Argentina,EUA
Argentina,EUA
EUA,EUA
India,Indonesia
India,Australia
Indonesia,Australia
Australia,India
Australia,Indonesia
India,Indonesia
India,Indonesia
India,Australia
Indonesia,Australia
Australia,India
Australia,Indonesia
India,Indonesia
India,Indonesia
India,Indonesia
Africa_do_Sul,Brasil
Africa_do_Sul,Mexico
Africa_do_Sul,EUA
Africa_do_Sul,EUA
Africa_do_Sul,India
Africa_do_Sul,Indonesia
Brasil,Mexico
Brasil,EUA
Brasil,EUA
Brasil,India
Brasil,Indonesia
Mexico,EUA
Mexico,EUA
Mexico,India
Mexico,Indonesia
EUA,EUA
EUA,India
EUA,Indonesia
EUA,India
EUA,Indonesia
India,Indonesia
India,Indonesia
India,Mexico
Indonesia,Mexico
Brasil,EUA
Brasil,Uniao_Europeia
Brasil,Russia
EUA,Uniao_Europeia
EUA,Russia
Uniao_Europeia,Russia
China,India
China,Indonesia
India,Indonesia
China,India
China,Indonesia
India,Indonesia
India,Indonesia
India,Indonesia
Brasil,EUA
Brasil,China
Brasil,Reino_Unido
EUA,China
EUA,Reino_Unido
China,Reino_Unido
Brasil,EUA
Brasil,China
Brasil,India
EUA,China
EUA,India
China,India
China,India
EUA,China
EUA,India
China,India
China,India
EUA,EUA
EUA,Arabia_Saudita
EUA,Turquia
EUA,Russia
EUA,Arabia_Saudita
EUA,Turquia
EUA,Russia
Arabia_Saudita,Turquia
Arabia_Saudita,Russia
Turquia,Russia
Turquia,Franca
EUA,Russia
Brasil,India
EUA,China
EUA,India
China,India
China,India
EUA,China
EUA,India
China,India
China,India
EUA,EUA
EUA,China
EUA,Coreia_do_Sul
EUA,China
EUA,Coreia_do_Sul
China,Coreia_do_Sul
India,Indonesia
India,Indonesia
Argentina,Brasil
Argentina,Mexico
Argentina,Canada
Argentina,EUA
Argentina,China
Argentina,Japao
Argentina,India
Argentina,Alemanha
Argentina,Franca
Argentina,Italia
Argentina,Russia
Argentina,Reino_Unido
Brasil,Mexico
Brasil,Canada
Brasil,EUA
Brasil,China
Brasil,Japao
Brasil,India
Brasil,Alemanha
Brasil,Franca
Brasil,Italia
Brasil,Russia
Brasil,Reino_Unido
Mexico,Canada
Mexico,EUA
Mexico,China
Mexico,Japao
Mexico,India
Mexico,Alemanha
Mexico,Franca
Mexico,Italia
Mexico,Russia
Mexico,Reino_Unido
Canada,EUA
Canada,China
Canada,Japao
Canada,India
Canada,Alemanha
Canada,Franca
Canada,Italia
Canada,Russia
Canada,Reino_Unido
EUA,China
EUA,Japao
EUA,India
EUA,Alemanha
EUA,Franca
EUA,Italia
EUA,Russia
EUA,Reino_Unido
China,Japao
China,India
China,Alemanha
China,Franca
China,Italia
China,Russia
China,Reino_Unido
Japao,India
Japao,Alemanha
Japao,Franca
Japao,Italia
Japao,Russia
Japao,Reino_Unido
India,Alemanha
India,Franca
India,Italia
India,Russia
India,Reino_Unido
Alemanha,Franca
Alemanha,Italia
Alemanha,Russia
Alemanha,Reino_Unido
Franca,Italia
Franca,Russia
Franca,Reino_Unido
Italia,Russia
Italia,Reino_Unido
Russia,Reino_Unido
Argentina,Canada
Argentina,China
Argentina,India
Argentina,Mexico
Argentina,Russia
Canada,China
Canada,India
Canada,Mexico
Canada,Russia
China,India
China,Mexico
China,Russia
India,Mexico
India,Russia
Mexico,Russia
China,Uniao_Europeia
Brasil,EUA
India,Indonesia
India,Indonesia
Argentina,Brasil
Argentina,Mexico
Argentina,Canada
Argentina,EUA
Argentina,EUA
Argentina,China
Argentina,Japao
Argentina,India
Argentina,Alemanha
Argentina,Franca
Argentina,Italia
Argentina,Russia
Argentina,Reino_Unido
Brasil,Mexico
Brasil,Canada
Brasil,EUA
Brasil,EUA
Brasil,China
Brasil,Japao
Brasil,India
Brasil,Alemanha
Brasil,Franca
Brasil,Italia
Brasil,Russia
Brasil,Reino_Unido
Mexico,Canada
Mexico,EUA
Mexico,EUA
Mexico,China
Mexico,Japao
Mexico,India
Mexico,Alemanha
Mexico,Franca
Mexico,Italia
Mexico,Russia
Mexico,Reino_Unido
Canada,EUA
Canada,EUA
Canada,China
Canada,Japao
Canada,India
Canada,Alemanha
Canada,Franca
Canada,Italia
Canada,Russia
Canada,Reino_Unido
EUA,EUA
EUA,China
EUA,Japao
EUA,India
EUA,Alemanha
EUA,Franca
EUA,Italia
EUA,Russia
EUA,Reino_Unido
EUA,China
EUA,Japao
EUA,India
EUA,Alemanha
EUA,Franca
EUA,Italia
EUA,Russia
EUA,Reino_Unido
China,Japao
China,India
China,Alemanha
China,Franca
China,Italia
China,Russia
China,Reino_Unido
Japao,India
Japao,Alemanha
Japao,Franca
Japao,Italia
Japao,Russia
Japao,Reino_Unido
India,Alemanha
India,Franca
India,Italia
India,Russia
India,Reino_Unido
Alemanha,Franca
Alemanha,Italia
Alemanha,Russia
Alemanha,Reino_Unido
Franca,Italia
Franca,Russia
Franca,Reino_Unido
Italia,Russia
Italia,Reino_Unido
Russia,Reino_Unido
Argentina,Canada
Argentina,China
Argentina,India
Argentina,Mexico
Argentina,Russia
Canada,China
Canada,India
Canada,Mexico
Canada,Russia
China,India
China,Mexico
China,Russia
India,Mexico
India,Russia
Mexico,Russia
Brasil,EUA
Brasil,EUA
Brasil,Japao
EUA,EUA
EUA,Japao
EUA,Japao
Argentina,Brasil
Argentina,EUA
Argentina,Franca
Argentina,Reino_Unido
Brasil,EUA
Brasil,Franca
Brasil,Reino_Unido
EUA,Franca
EUA,Reino_Unido
Franca,Reino_Unido
Argentina,Brasil
Argentina,Mexico
Argentina,Canada
Argentina,EUA
Argentina,China
Argentina,Japao
Argentina,India
Argentina,Alemanha
Argentina,Franca
Argentina,Italia
Argentina,Russia
Argentina,Reino_Unido
Brasil,Mexico
Brasil,Canada
Brasil,EUA
Brasil,China
Brasil,Japao
Brasil,India
Brasil,Alemanha
Brasil,Franca
Brasil,Italia
Brasil,Russia
Brasil,Reino_Unido
Mexico,Canada
Mexico,EUA
Mexico,China
Mexico,Japao
Mexico,India
Mexico,Alemanha
Mexico,Franca
Mexico,Italia
Mexico,Russia
Mexico,Reino_Unido
Canada,EUA
Canada,China
Canada,Japao
Canada,India
Canada,Alemanha
Canada,Franca
Canada,Italia
Canada,Russia
Canada,Reino_Unido
EUA,China
EUA,Japao
EUA,India
EUA,Alemanha
EUA,Franca
EUA,Italia
EUA,Russia
EUA,Reino_Unido
China,Japao
China,India
China,Alemanha
China,Franca
China,Italia
China,Russia
China,Reino_Unido
Japao,India
Japao,Alemanha
Japao,Franca
Japao,Italia
Japao,Russia
Japao,Reino_Unido
India,Alemanha
India,Franca
India,Italia
India,Russia
India,Reino_Unido
Alemanha,Franca
Alemanha,Italia
Alemanha,Russia
Alemanha,Reino_Unido
Franca,Italia
Franca,Russia
Franca,Reino_Unido
Italia,Russia
Italia,Reino_Unido
Russia,Reino_Unido
Argentina,Canada
Argentina,China
Argentina,India
Argentina,Mexico
Argentina,Russia
Canada,China
Canada,India
Canada,Mexico
Canada,Russia
China,India
China,Mexico
China,Russia
India,Mexico
India,Russia
Mexico,Russia
EUA,EUA
EUA,Japao
EUA,Japao
Brasil,EUA
Brasil,EUA
Brasil,Japao
EUA,EUA
EUA,Japao
EUA,Japao
Brasil,EUA
Brasil,EUA
Brasil,India
EUA,EUA
EUA,India
EUA,India
Brasil,China
Brasil,Uniao_Europeia
Brasil,Alemanha
Brasil,Italia
China,Uniao_Europeia
China,Alemanha
China,Italia
Uniao_Europeia,Alemanha
Uniao_Europeia,Italia
Alemanha,Italia
Brasil,EUA
Brasil,EUA
Brasil,Japao
EUA,EUA
EUA,Japao
EUA,Japao
Brasil,Uniao_Europeia
Brasil,EUA
Brasil,Franca
Brasil,China
Brasil,Uniao_Europeia
China,Uniao_Europeia
Argentina,Brasil
Argentina,Mexico
Argentina,Canada
Argentina,EUA
Argentina,China
Argentina,Japao
Argentina,India
Argentina,Alemanha
Argentina,Franca
Argentina,Italia
Argentina,Russia
Argentina,Reino_Unido
Brasil,Mexico
Brasil,Canada
Brasil,EUA
Brasil,China
Brasil,Japao
Brasil,India
Brasil,Alemanha
Brasil,Franca
Brasil,Italia
Brasil,Russia
Brasil,Reino_Unido
Mexico,Canada
Mexico,EUA
Mexico,China
Mexico,Japao
Mexico,India
Mexico,Alemanha
Mexico,Franca
Mexico,Italia
Mexico,Russia
Mexico,Reino_Unido
Canada,EUA
Canada,China
Canada,Japao
Canada,India
Canada,Alemanha
Canada,Franca
Canada,Italia
Canada,Russia
Canada,Reino_Unido
EUA,China
EUA,Japao
EUA,India
EUA,Alemanha
EUA,Franca
EUA,Italia
EUA,Russia
EUA,Reino_Unido
China,Japao
China,India
China,Alemanha
China,Franca
China,Italia
China,Russia
China,Reino_Unido
Japao,India
Japao,Alemanha
Japao,Franca
Japao,Italia
Japao,Russia
Japao,Reino_Unido
India,Alemanha
India,Franca
India,Italia
India,Russia
India,Reino_Unido
Alemanha,Franca
Alemanha,Italia
Alemanha,Russia
Alemanha,Reino_Unido
Franca,Italia
Franca,Russia
Franca,Reino_Unido
Italia,Russia
Italia,Reino_Unido
Russia,Reino_Unido
Argentina,Canada
Argentina,China
Argentina,India
Argentina,Mexico
Argentina,Russia
Canada,China
Canada,India
Canada,Mexico
Canada,Russia
China,India
China,Mexico
China,Russia
India,Mexico
India,Russia
Mexico,Russia
Japao,Coreia_do_Sul
Brasil,Italia
Brasil,China
Brasil,EUA
Brasil,EUA
Brasil,Japao
EUA,EUA
EUA,Japao
EUA,Japao
Brasil,Alemanha
Brasil,China
Brasil,Japao
Brasil,Uniao_Europeia
Brasil,Alemanha
Brasil,Italia
China,Japao
China,Uniao_Europeia
China,Alemanha
China,Italia
Japao,Uniao_Europeia
Japao,Alemanha
Japao,Italia
Uniao_Europeia,Alemanha
Uniao_Europeia,Italia
Alemanha,Italia
EUA,Alemanha
Brasil,EUA
EUA,EUA
EUA,China
EUA,Coreia_do_Sul
EUA,China
EUA,Coreia_do_Sul
China,Coreia_do_Sul
Brasil,EUA
Brasil,EUA
Brasil,China
Brasil,India
Brasil,Russia
EUA,EUA
EUA,China
EUA,India
EUA,Russia
EUA,China
EUA,India
EUA,Russia
China,India
China,Russia
India,Russia
China,India
China,Russia
India,Russia
EUA,EUA
EUA,Russia
EUA,Russia
China,Uniao_Europeia
Brasil,EUA
Brasil,EUA
Brasil,China
EUA,China
Brasil,EUA
Brasil,China
Brasil,Japao
Brasil,Uniao_Europeia
Brasil,Alemanha
Brasil,Italia
EUA,China
EUA,Japao
EUA,Uniao_Europeia
EUA,Alemanha
EUA,Italia
China,Japao
China,Uniao_Europeia
China,Alemanha
China,Italia
Japao,Uniao_Europeia
Japao,Alemanha
Japao,Italia
Uniao_Europeia,Alemanha
Uniao_Europeia,Italia
Alemanha,Italia
Brasil,EUA
Brasil,China
EUA,China
EUA,EUA
EUA,Inglaterra
EUA,Inglaterra
Brasil,EUA
Argentina,Brasil
Brasil,EUA
Brasil,Japao
Brasil,Coreia_do_Sul
Brasil,Alemanha
Brasil,Franca
Japao,Coreia_do_Sul
Japao,Alemanha
Japao,Franca
Coreia_do_Sul,Alemanha
Coreia_do_Sul,Franca
Alemanha,Franca
Brasil,EUA
Brasil,EUA
Brasil,China
Brasil,Japao
Brasil,Uniao_Europeia
Brasil,Alemanha
Brasil,Italia
EUA,China
EUA,Japao
EUA,Uniao_Europeia
EUA,Alemanha
EUA,Italia
China,Japao
China,Uniao_Europeia
China,Alemanha
China,Italia
Japao,Uniao_Europeia
Japao,Alemanha
Japao,Italia
Uniao_Europeia,Alemanha
Uniao_Europeia,Italia
Alemanha,Italia
Brasil,Japao
EUA,EUA
EUA,Inglaterra
EUA,Inglaterra
Brasil,Japao
Brasil,Coreia_do_Sul
Brasil,Alemanha
Brasil,Franca
Japao,Coreia_do_Sul
Japao,Alemanha
Japao,Franca
Coreia_do_Sul,Alemanha
Coreia_do_Sul,Franca
Alemanha,Franca
India,Indonesia
India,Indonesia
EUA,Franca
EUA,Russia
EUA,Reino_Unido
Franca,Russia
Franca,Reino_Unido
Russia,Reino_Unido
Brasil,EUA
Brasil,EUA
EUA,EUA
Brasil,Japao
Brasil,Coreia_do_Sul
Brasil,Alemanha
Brasil,Franca
Japao,Coreia_do_Sul
Japao,Alemanha
Japao,Franca
Coreia_do_Sul,Alemanha
Coreia_do_Sul,Franca
Alemanha,Franca
Brasil,EUA
Brasil,EUA
Brasil,Japao
EUA,EUA
EUA,Japao
EUA,Japao
Brasil,EUA
Brasil,China
Brasil,Japao
Brasil,Uniao_Europeia
Brasil,Alemanha
Brasil,Italia
EUA,China
EUA,Japao
EUA,Uniao_Europeia
EUA,Alemanha
EUA,Italia
China,Japao
China,Uniao_Europeia
China,Alemanha
China,Italia
Japao,Uniao_Europeia
Japao,Alemanha
Japao,Italia
Uniao_Europeia,Alemanha
Uniao_Europeia,Italia
Alemanha,Italia
Brasil,Coreia_do_Sul
Brasil,Alemanha
Coreia_do_Sul,Alemanha
Brasil,EUA
EUA,Alemanha
EUA,Italia
Alemanha,Italia
Brasil,EUA
Brasil,China
Brasil,Uniao_Europeia
China,Uniao_Europeia
Brasil,EUA
Brasil,EUA
Brasil,EUA
Brasil,EUA
Brasil,EUA
Brasil,EUA
EUA,EUA
Brasil,Indonesia
Arabia_Saudita,Uniao_Europeia
Arabia_Saudita,Australia
Uniao_Europeia,Australia
Argentina,Brasil
EUA,EUA
EUA,Franca
Brasil,EUA
EUA,EUA
EUA,Uniao_Europeia
EUA,Uniao_Europeia
EUA,EUA
EUA,Italia
EUA,Italia
EUA,EUA
EUA,Reino_Unido
EUA,EUA
EUA,Italia
EUA,Reino_Unido
Italia,Reino_Unido
Brasil,EUA
Brasil,EUA
Brasil,China
EUA,EUA
EUA,China
EUA,China
Brasil,EUA
Brasil,EUA
Brasil,EUA
EUA,EUA
Brasil,EUA
Brasil,China
Brasil,Uniao_Europeia
EUA,China
EUA,Uniao_Europeia
China,Uniao_Europeia
Brasil,EUA
Brasil,China
EUA,China
Brasil,EUA
EUA,EUA
Brasil,EUA
Brasil,EUA
Brasil,Uniao_Europeia
Brasil,Alemanha
Brasil,Italia
Brasil,Reino_Unido
EUA,Uniao_Europeia
EUA,Alemanha
EUA,Italia
EUA,Reino_Unido
Uniao_Europeia,Alemanha
Uniao_Europeia,Italia
Uniao_Europeia,Reino_Unido
Alemanha,Italia
Alemanha,Reino_Unido
Italia,Reino_Unido
Brasil,EUA
Brasil,EUA
Brasil,China
EUA,EUA
EUA,China
EUA,China
Brasil,EUA
Brasil,EUA
EUA,EUA
Brasil,EUA
Brasil,China
Brasil,Uniao_Europeia
Brasil,Alemanha
Brasil,Italia
Brasil,Reino_Unido
EUA,China
EUA,Uniao_Europeia
EUA,Alemanha
EUA,Italia
EUA,Reino_Unido
China,Uniao_Europeia
China,Alemanha
China,Italia
China,Reino_Unido
Uniao_Europeia,Alemanha
Uniao_Europeia,Italia
Uniao_Europeia,Reino_Unido
Alemanha,Italia
Alemanha,Reino_Unido
Italia,Reino_Unido
Brasil,EUA
Brasil,Italia
Brasil,Canada
Brasil,China
Brasil,EUA
Brasil,China
Brasil,Uniao_Europeia
EUA,China
EUA,Uniao_Europeia
China,Uniao_Europeia
Brasil,EUA
Brasil,EUA
Brasil,EUA
Brasil,China
EUA,EUA
EUA,China
EUA,China
India,Indonesia
India,Indonesia
Brasil,EUA
EUA,China
EUA,Japao
China,Japao
Brasil,China
Brasil,EUA
Argentina,Brasil
Argentina,Mexico
Argentina,Canada
Argentina,EUA
Argentina,EUA
Argentina,China
Argentina,Japao
Argentina,India
Argentina,Alemanha
Argentina,Franca
Argentina,Italia
Argentina,Russia
Argentina,Reino_Unido
Brasil,Mexico
Brasil,Canada
Brasil,EUA
Brasil,EUA
Brasil,China
Brasil,Japao
Brasil,India
Brasil,Alemanha
Brasil,Franca
Brasil,Italia
Brasil,Russia
Brasil,Reino_Unido
Mexico,Canada
Mexico,EUA
Mexico,EUA
Mexico,China
Mexico,Japao
Mexico,India
Mexico,Alemanha
Mexico,Franca
Mexico,Italia
Mexico,Russia
Mexico,Reino_Unido
Canada,EUA
Canada,EUA
Canada,China
Canada,Japao
Canada,India
Canada,Alemanha
Canada,Franca
Canada,Italia
Canada,Russia
Canada,Reino_Unido
EUA,EUA
EUA,China
EUA,Japao
EUA,India
EUA,Alemanha
EUA,Franca
EUA,Italia
EUA,Russia
EUA,Reino_Unido
EUA,China
EUA,Japao
EUA,India
EUA,Alemanha
EUA,Franca
EUA,Italia
EUA,Russia
EUA,Reino_Unido
China,Japao
China,India
China,Alemanha
China,Franca
China,Italia
China,Russia
China,Reino_Unido
Japao,India
Japao,Alemanha
Japao,Franca
Japao,Italia
Japao,Russia
Japao,Reino_Unido
India,Alemanha
India,Franca
India,Italia
India,Russia
India,Reino_Unido
Alemanha,Franca
Alemanha,Italia
Alemanha,Russia
Alemanha,Reino_Unido
Franca,Italia
Franca,Russia
Franca,Reino_Unido
Italia,Russia
Italia,Reino_Unido
Russia,Reino_Unido
Argentina,Canada
Argentina,China
Argentina,India
Argentina,Mexico
Argentina,Russia
Canada,China
Canada,India
Canada,Mexico
Canada,Russia
China,India
China,Mexico
China,Russia
India,Mexico
India,Russia
Mexico,Russia
EUA,EUA
EUA,EUA
EUA,EUA
Brasil,EUA
Brasil,EUA
EUA,EUA
Brasil,EUA
Brasil,EUA
Brasil,EUA
Brasil,EUA
EUA,EUA
Mexico,India
Mexico,Indonesia
India,Indonesia
India,Indonesia
India,Mexico
Indonesia,Mexico
Brasil,EUA
Brasil,China
Brasil,Uniao_Europeia
EUA,China
EUA,Uniao_Europeia
China,Uniao_Europeia
India,Indonesia
India,Indonesia
